{
  "__comment": "Instructions: https://mods.blakebr0.com/docs/cucumber/tags-config",
  "forge:ingots/aluminum": "alltheores:aluminum_ingot",
  "forge:ingots/constantan": "thermal:constantan_ingot",
  "forge:ingots/tin": "alltheores:tin_ingot",
  "forge:ingots/zinc": "alltheores:zinc_ingot",
  "forge:ingots/bronze": "thermal:bronze_ingot",
  "forge:ingots/copper": "alltheores:copper_ingot",
  "forge:ingots/invar": "thermal:invar_ingot",
  "forge:ingots/electrum": "thermal:electrum_ingot",
  "forge:ingots/brass": "create:brass_ingot",
  "forge:ingots/silver": "alltheores:silver_ingot",
  "forge:dusts/saltpeter": "immersiveengineering:dust_saltpeter",
  "forge:ingots/steel": "immersiveengineering:ingot_steel",
  "forge:ingots/platinum": "alltheores:platinum_ingot",
  "forge:dusts/sulfur": "thermal:sulfur",
  "forge:ingots/lead": "alltheores:lead_ingot",
  "forge:ingots/uranium": "alltheores:uranium_ingot",
  "forge:ingots/nickel": "alltheores:nickel_ingot",
  "forge:ingots/lumium": "thermal:lumium_ingot",
  "forge:gems/apatite": "thermal:apatite",
  "forge:dusts/niter": "thermal:niter_dust",
  "forge:ingots/enderium": "thermal:enderium_ingot",
  "forge:ingots/signalum": "thermal:signalum_ingot"
}