{
  "biomes": [
    [
      {
        "type": "BIOME_DICT",
        "negate": false,
        "value": "overworld"
      },
      {
        "type": "REGISTRY_NAME",
        "negate": false,
        "value": "minecraft:desert"
      }
    ],
    [
      {
        "type": "BIOME_DICT",
        "negate": false,
        "value": "overworld"
      },
      {
        "type": "REGISTRY_NAME",
        "negate": false,
        "value": "minecraft:desert_hills"
      }
    ],
    [
      {
        "type": "BIOME_DICT",
        "negate": false,
        "value": "overworld"
      },
      {
        "type": "REGISTRY_NAME",
        "negate": false,
        "value": "byg:dunes"
      }
    ]
  ]
}