{
  "biomes": [
    [
      {
        "type": "BIOME_DICT",
        "negate": false,
        "value": "overworld"
      },
      {
        "type": "REGISTRY_NAME",
        "negate": false,
        "value": "minecraft:mountains"
      }
    ],
    [
      {
        "type": "BIOME_DICT",
        "negate": false,
        "value": "overworld"
      },
      {
        "type": "REGISTRY_NAME",
        "negate": false,
        "value": "minecraft:snowy_tundra"
      }
    ],
    [
      {
        "type": "BIOME_DICT",
        "negate": false,
        "value": "overworld"
      },
      {
        "type": "REGISTRY_NAME",
        "negate": false,
        "value": "minecraft:ice_spikes"
      }
    ],
    [
      {
        "type": "BIOME_DICT",
        "negate": false,
        "value": "overworld"
      },
      {
        "type": "REGISTRY_NAME",
        "negate": false,
        "value": "minecraft:snowy_mountains"
      }
    ],
    [
      {
        "type": "BIOME_DICT",
        "negate": false,
        "value": "overworld"
      },
      {
        "type": "REGISTRY_NAME",
        "negate": false,
        "value": "minecraft:snowy_taiga_mountains"
      }
    ],
    [
      {
        "type": "BIOME_DICT",
        "negate": false,
        "value": "overworld"
      },
      {
        "type": "REGISTRY_NAME",
        "negate": false,
        "value": "minecraft:taiga_mountains"
      }
    ]
  ]
}