{
  "biomes": [
    [
      {
        "type": "BIOME_DICT",
        "negate": false,
        "value": "overworld"
      },
      {
        "type": "REGISTRY_NAME",
        "negate": false,
        "value": "minecraft:savanna"
      }
    ],
    [
      {
        "type": "BIOME_DICT",
        "negate": false,
        "value": "overworld"
      },
      {
        "type": "REGISTRY_NAME",
        "negate": false,
        "value": "minecraft:savanna_plateau"
      }
      
    ],
    [
      {
        "type": "BIOME_DICT",
        "negate": false,
        "value": "overworld"
      },
      {
        "type": "REGISTRY_NAME",
        "negate": false,
        "value": "minecraft:shattered_savanna"
      }
    ],
    [
      {
        "type": "BIOME_DICT",
        "negate": false,
        "value": "overworld"
      },
      {
        "type": "REGISTRY_NAME",
        "negate": false,
        "value": "minecraft:shattered_savanna_plateau"
      }
    ]
  ]
}